Year,Geographic Code,Period,Round,Study Type,Data Source,Sector/Sub-sector,Value of Production at Current Prices (in million pesos)
1998,608,4,1,4,4,CROPS,242864.8715
1998,608,4,1,4,4,PALAY,71603.9271
1998,608,4,1,4,4,CORN,25118.2926
1998,608,4,1,4,4,COCONUT,25356.7314
1998,608,4,1,4,4,SUGARCANE,13520.0286
1998,608,4,1,4,4,BANANA,17412.408
1998,608,4,1,4,4,PINEAPPLE,10695.2685
1998,608,4,1,4,4,COFFEE,3885.112
1998,608,4,1,4,4,MANGO,18349.0554
1998,608,4,1,4,4,TOBACCO,2723.738
1998,608,4,1,4,4,ABACA,1330.3896
1998,608,4,1,4,4,PEANUT,438.0384
1998,608,4,1,4,4,MONGO,677.8707
1998,608,4,1,4,4,CASSAVA,6189.7374
1998,608,4,1,4,4,CAMOTE,2584.7622
1998,608,4,1,4,4,TOMATO,1002.6692
1998,608,4,1,4,4,GARLIC,929.8212
1998,608,4,1,4,4,ONION,1354.1229
1998,608,4,1,4,4,CABBAGE,745.9496
1998,608,4,1,4,4,EGGPLANT,2006.9175
1998,608,4,1,4,4,CALAMANSI,1638.0013
1998,608,4,1,4,4,RUBBER,1908.9675
1998,608,4,1,4,4,OTHERS,33393.0624
1998,608,4,1,4,4,LIVESTOCK,93375.0393
1998,608,4,1,4,4,CARABAO,4245.0275
1998,608,4,1,4,4,CATTLE,12367.6102
1998,608,4,1,4,4,HOG,73269.2731
1998,608,4,1,4,4,GOAT,3366.5405
1998,608,4,1,4,4,DAIRY,126.588
1998,608,4,1,4,4,POULTRY,69316.454
1998,608,4,1,4,4,CHICKEN,51820.202
1998,608,4,1,4,4,DUCK,2763.5052
1998,608,4,1,4,4,CHICKEN EGGS,12412.2768
1998,608,4,1,4,4,DUCK EGGS,2320.47
1998,608,4,1,4,4,FISHERIES,93542.70401
1998,608,4,1,4,4,MILKFISH,
1998,608,4,1,4,4,TILAPIA,
1998,608,4,1,4,4,TIGER PRAWN,
1998,608,4,1,4,4,ROUNDSCAD,
1998,608,4,1,4,4,SKIPJACK,
1998,608,4,1,4,4,YELLOWFIN TUNA,
1998,608,4,1,4,4,SEAWEED,
1998,608,4,1,4,4,OTHERS,
1998,608,4,1,4,4,COMMERCIAL,33665.70559
1998,608,4,1,4,4,MUNICIPAL,30707.2502
1998,608,4,1,4,4,AQUACULTURE,29169.74823
1998,608,4,1,4,4,TOTAL,499099.0688
1999,608,4,1,4,4,CROPS,277624.7563
1999,608,4,1,4,4,PALAY,98654.0931
1999,608,4,1,4,4,CORN,30120.7563
1999,608,4,1,4,4,COCONUT,22946.2398
1999,608,4,1,4,4,SUGARCANE,18546.6996
1999,608,4,1,4,4,BANANA,19379.5136
1999,608,4,1,4,4,PINEAPPLE,10632.3252
1999,608,4,1,4,4,COFFEE,3752.8452
1999,608,4,1,4,4,MANGO,15989.8674
1999,608,4,1,4,4,TOBACCO,2263.5051
1999,608,4,1,4,4,ABACA,1366.0684
1999,608,4,1,4,4,PEANUT,459.6568
1999,608,4,1,4,4,MONGO,695.252
1999,608,4,1,4,4,CASSAVA,6748.4067
1999,608,4,1,4,4,CAMOTE,2597.4374
1999,608,4,1,4,4,TOMATO,1096.0898
1999,608,4,1,4,4,GARLIC,679.8771
1999,608,4,1,4,4,ONION,1322.8272
1999,608,4,1,4,4,CABBAGE,760.2012
1999,608,4,1,4,4,EGGPLANT,1956.9375
1999,608,4,1,4,4,CALAMANSI,1721.26
1999,608,4,1,4,4,RUBBER,1838.8649
1999,608,4,1,4,4,OTHERS,34096.032
1999,608,4,1,4,4,LIVESTOCK,97320.8605
1999,608,4,1,4,4,CARABAO,4466.5725
1999,608,4,1,4,4,CATTLE,12862.2008
1999,608,4,1,4,4,HOG,76399.3612
1999,608,4,1,4,4,GOAT,3457.781
1999,608,4,1,4,4,DAIRY,134.945
1999,608,4,1,4,4,POULTRY,69886.7346
1999,608,4,1,4,4,CHICKEN,52367.4576
1999,608,4,1,4,4,DUCK,2760.2724
1999,608,4,1,4,4,CHICKEN EGGS,12458.1996
1999,608,4,1,4,4,DUCK EGGS,2300.805
1999,608,4,1,4,4,FISHERIES,96536.41097
1999,608,4,1,4,4,MILKFISH,
1999,608,4,1,4,4,TILAPIA,
1999,608,4,1,4,4,TIGER PRAWN,
1999,608,4,1,4,4,ROUNDSCAD,
1999,608,4,1,4,4,SKIPJACK,
1999,608,4,1,4,4,YELLOWFIN TUNA,
1999,608,4,1,4,4,SEAWEED,
1999,608,4,1,4,4,OTHERS,
1999,608,4,1,4,4,COMMERCIAL,33959.93242
1999,608,4,1,4,4,MUNICIPAL,31920.53013
1999,608,4,1,4,4,AQUACULTURE,30655.94842
1999,608,4,1,4,4,TOTAL,541368.7624
2000,608,4,1,4,4,CROPS,284931.2177
2000,608,4,1,4,4,PALAY,103699.4454
2000,608,4,1,4,4,CORN,29637.927
2000,608,4,1,4,4,COCONUT,25729.407
2000,608,4,1,4,4,SUGARCANE,16554.2754
2000,608,4,1,4,4,BANANA,20901.3768
2000,608,4,1,4,4,PINEAPPLE,10589.4124
2000,608,4,1,4,4,COFFEE,3876.102
2000,608,4,1,4,4,MANGO,15659.9872
2000,608,4,1,4,4,TOBACCO,2168.9187
2000,608,4,1,4,4,ABACA,1441.7224
2000,608,4,1,4,4,PEANUT,475.2504
2000,608,4,1,4,4,MONGO,653.8226
2000,608,4,1,4,4,CASSAVA,6303.5847
2000,608,4,1,4,4,CAMOTE,2581.64
2000,608,4,1,4,4,TOMATO,1116.674
2000,608,4,1,4,4,GARLIC,996.8616
2000,608,4,1,4,4,ONION,1311.1497
2000,608,4,1,4,4,CABBAGE,761.1571
2000,608,4,1,4,4,EGGPLANT,2035.3375
2000,608,4,1,4,4,CALAMANSI,1748.7228
2000,608,4,1,4,4,RUBBER,1853.691
2000,608,4,1,4,4,OTHERS,34834.752
2000,608,4,1,4,4,LIVESTOCK,100252.5224
2000,608,4,1,4,4,CARABAO,4655.449
2000,608,4,1,4,4,CATTLE,12877.3752
2000,608,4,1,4,4,HOG,79061.6811
2000,608,4,1,4,4,GOAT,3518.1401
2000,608,4,1,4,4,DAIRY,139.877
2000,608,4,1,4,4,POULTRY,74653.64
2000,608,4,1,4,4,CHICKEN,56237.1352
2000,608,4,1,4,4,DUCK,2774.2812
2000,608,4,1,4,4,CHICKEN EGGS,13305.5846
2000,608,4,1,4,4,DUCK EGGS,2336.639
2000,608,4,1,4,4,FISHERIES,98656.74
2000,608,4,1,4,4,MILKFISH,
2000,608,4,1,4,4,TILAPIA,
2000,608,4,1,4,4,TIGER PRAWN,
2000,608,4,1,4,4,ROUNDSCAD,
2000,608,4,1,4,4,SKIPJACK,
2000,608,4,1,4,4,YELLOWFIN TUNA,
2000,608,4,1,4,4,SEAWEED,
2000,608,4,1,4,4,OTHERS,
2000,608,4,1,4,4,COMMERCIAL,33878.68
2000,608,4,1,4,4,MUNICIPAL,32595.57
2000,608,4,1,4,4,AQUACULTURE,32182.49
2000,608,4,1,4,4,TOTAL,558494.1201
2001,608,4,1,4,4,CROPS,293879.2931
2001,608,4,1,4,4,PALAY,107784.5184
2001,608,4,1,4,4,CORN,30046.1328
2001,608,4,1,4,4,COCONUT,27080.8424
2001,608,4,1,4,4,SUGARCANE,17149.8967
2001,608,4,1,4,4,BANANA,21451.644
2001,608,4,1,4,4,PINEAPPLE,10969.362
2001,608,4,1,4,4,COFFEE,4075.038
2001,608,4,1,4,4,MANGO,16205.8298
2001,608,4,1,4,4,TOBACCO,2061.1943
2001,608,4,1,4,4,ABACA,1359.5676
2001,608,4,1,4,4,PEANUT,463.378
2001,608,4,1,4,4,MONGO,655.4136
2001,608,4,1,4,4,CASSAVA,5897.7828
2001,608,4,1,4,4,CAMOTE,2552.472
2001,608,4,1,4,4,TOMATO,1104.0624
2001,608,4,1,4,4,GARLIC,1129.4208
2001,608,4,1,4,4,ONION,1261.4547
2001,608,4,1,4,4,CABBAGE,789.7428
2001,608,4,1,4,4,EGGPLANT,2104.0698
2001,608,4,1,4,4,CALAMANSI,1762.975
2001,608,4,1,4,4,RUBBER,2260.268
2001,608,4,1,4,4,OTHERS,35714.2272
2001,608,4,1,4,4,LIVESTOCK,103263.8114
2001,608,4,1,4,4,CARABAO,4704.0126
2001,608,4,1,4,4,CATTLE,12397.2652
2001,608,4,1,4,4,HOG,82521.8016
2001,608,4,1,4,4,GOAT,3492.772
2001,608,4,1,4,4,DAIRY,147.96
2001,608,4,1,4,4,POULTRY,80631.5524
2001,608,4,1,4,4,CHICKEN,61917.38
2001,608,4,1,4,4,DUCK,2884.1928
2001,608,4,1,4,4,CHICKEN EGGS,13474.754
2001,608,4,1,4,4,DUCK EGGS,2355.2256
2001,608,4,1,4,4,FISHERIES,104036.7733
2001,608,4,1,4,4,MILKFISH,
2001,608,4,1,4,4,TILAPIA,
2001,608,4,1,4,4,TIGER PRAWN,
2001,608,4,1,4,4,ROUNDSCAD,
2001,608,4,1,4,4,SKIPJACK,
2001,608,4,1,4,4,YELLOWFIN TUNA,
2001,608,4,1,4,4,SEAWEED,
2001,608,4,1,4,4,OTHERS,
2001,608,4,1,4,4,COMMERCIAL,34969.8974
2001,608,4,1,4,4,MUNICIPAL,33380.9179
2001,608,4,1,4,4,AQUACULTURE,35685.958
2001,608,4,1,4,4,TOTAL,581811.4302
2002,608,4,1,4,4,CROPS,303844.9054
2002,608,4,1,4,4,PALAY,110411.8912
2002,608,4,1,4,4,CORN,28679.8864
2002,608,4,1,4,4,COCONUT,28981.11
2002,608,4,1,4,4,SUGARCANE,16919.6591
2002,608,4,1,4,4,BANANA,22365.2792
2002,608,4,1,4,4,PINEAPPLE,11113.5726
2002,608,4,1,4,4,COFFEE,3887.367
2002,608,4,1,4,4,MANGO,17572.0152
2002,608,4,1,4,4,TOBACCO,2147.2022
2002,608,4,1,4,4,ABACA,1175.9532
2002,608,4,1,4,4,PEANUT,464.9728
2002,608,4,1,4,4,MONGO,645.7335
2002,608,4,1,4,4,CASSAVA,5803.8561
2002,608,4,1,4,4,CAMOTE,2571.1452
2002,608,4,1,4,4,TOMATO,1128.33
2002,608,4,1,4,4,GARLIC,1194.8625
2002,608,4,1,4,4,ONION,1471.4172
2002,608,4,1,4,4,CABBAGE,805.7952
2002,608,4,1,4,4,EGGPLANT,2225.9874
2002,608,4,1,4,4,CALAMANSI,1755.603
2002,608,4,1,4,4,RUBBER,2291.5976
2002,608,4,1,4,4,OTHERS,40231.6688
2002,608,4,1,4,4,LIVESTOCK,107879.1187
2002,608,4,1,4,4,CARABAO,4977.2919
2002,608,4,1,4,4,CATTLE,12392.5182
2002,608,4,1,4,4,HOG,86856.9408
2002,608,4,1,4,4,GOAT,3501.6678
2002,608,4,1,4,4,DAIRY,150.7
2002,608,4,1,4,4,POULTRY,85645.3472
2002,608,4,1,4,4,CHICKEN,66140.8125
2002,608,4,1,4,4,DUCK,2915.9879
2002,608,4,1,4,4,CHICKEN EGGS,14245.9884
2002,608,4,1,4,4,DUCK EGGS,2342.5584
2002,608,4,1,4,4,FISHERIES,104864.1949
2002,608,4,1,4,4,MILKFISH,12875.6436
2002,608,4,1,4,4,TILAPIA,6333.54
2002,608,4,1,4,4,TIGER PRAWN,9918.3024
2002,608,4,1,4,4,ROUNDSCAD,11948.8336
2002,608,4,1,4,4,SKIPJACK,4311.6846
2002,608,4,1,4,4,YELLOWFIN TUNA,4781.4608
2002,608,4,1,4,4,SEAWEED,3102.2116
2002,608,4,1,4,4,OTHERS,51592.5183
2002,608,4,1,4,4,COMMERCIAL,
2002,608,4,1,4,4,MUNICIPAL,
2002,608,4,1,4,4,AQUACULTURE,
2002,608,4,1,4,4,TOTAL,602233.5662
2003,608,4,1,4,4,CROPS,312525.1725
2003,608,4,1,4,4,PALAY,112319.0848
2003,608,4,1,4,4,CORN,30647.7168
2003,608,4,1,4,4,COCONUT,29446.052
2003,608,4,1,4,4,SUGARCANE,18942.9202
2003,608,4,1,4,4,BANANA,22764.4328
2003,608,4,1,4,4,PINEAPPLE,11512.101
2003,608,4,1,4,4,COFFEE,3861.957
2003,608,4,1,4,4,MANGO,18493.5884
2003,608,4,1,4,4,TOBACCO,2263.591
2003,608,4,1,4,4,ABACA,1301.9082
2003,608,4,1,4,4,PEANUT,462.8464
2003,608,4,1,4,4,MONGO,613.3878
2003,608,4,1,4,4,CASSAVA,5791.3611
2003,608,4,1,4,4,CAMOTE,2559.8196
2003,608,4,1,4,4,TOMATO,1134.378
2003,608,4,1,4,4,GARLIC,1141.1856
2003,608,4,1,4,4,ONION,1432.9368
2003,608,4,1,4,4,CABBAGE,811.2636
2003,608,4,1,4,4,EGGPLANT,2193.03
2003,608,4,1,4,4,CALAMANSI,1755.021
2003,608,4,1,4,4,RUBBER,2345.3544
2003,608,4,1,4,4,OTHERS,40731.236
2003,608,4,1,4,4,LIVESTOCK,111114.9585
2003,608,4,1,4,4,CARABAO,4976.1642
2003,608,4,1,4,4,CATTLE,12268.6215
2003,608,4,1,4,4,HOG,90259.3272
2003,608,4,1,4,4,GOAT,3456.7206
2003,608,4,1,4,4,DAIRY,154.125
2003,608,4,1,4,4,POULTRY,87261.7597
2003,608,4,1,4,4,CHICKEN,66986.0625
2003,608,4,1,4,4,DUCK,2904.671
2003,608,4,1,4,4,CHICKEN EGGS,15010.1222
2003,608,4,1,4,4,DUCK EGGS,2360.904
2003,608,4,1,4,4,FISHERIES,113370.6296
2003,608,4,1,4,4,MILKFISH,13714.0836
2003,608,4,1,4,4,TILAPIA,7121.8755
2003,608,4,1,4,4,TIGER PRAWN,10092.9204
2003,608,4,1,4,4,ROUNDSCAD,13674.0032
2003,608,4,1,4,4,SKIPJACK,5518.2759
2003,608,4,1,4,4,YELLOWFIN TUNA,6596.3264
2003,608,4,1,4,4,SEAWEED,3577.806
2003,608,4,1,4,4,OTHERS,53075.3386
2003,608,4,1,4,4,COMMERCIAL,
2003,608,4,1,4,4,MUNICIPAL,
2003,608,4,1,4,4,AQUACULTURE,
2003,608,4,1,4,4,TOTAL,624272.5203
2004,608,4,1,4,4,CROPS,328688.8484
2004,608,4,1,4,4,PALAY,121193.0808
2004,608,4,1,4,4,CORN,35565.9723
2004,608,4,1,4,4,COCONUT,29594.3102
2004,608,4,1,4,4,SUGARCANE,20207.5838
2004,608,4,1,4,4,BANANA,23876.5
2004,608,4,1,4,4,PINEAPPLE,11913.9137
2004,608,4,1,4,4,COFFEE,3728.0088
2004,608,4,1,4,4,MANGO,17637.1604
2004,608,4,1,4,4,TOBACCO,2050.7595
2004,608,4,1,4,4,ABACA,1377.51
2004,608,4,1,4,4,PEANUT,479.7639
2004,608,4,1,4,4,MONGO,622.3097
2004,608,4,1,4,4,CASSAVA,5856.6207
2004,608,4,1,4,4,CAMOTE,2545.8505
2004,608,4,1,4,4,TOMATO,1280.4862
2004,608,4,1,4,4,GARLIC,1100.4
2004,608,4,1,4,4,ONION,1381.7682
2004,608,4,1,4,4,CABBAGE,819.2474
2004,608,4,1,4,4,EGGPLANT,2218.4636
2004,608,4,1,4,4,CALAMANSI,1734.8007
2004,608,4,1,4,4,RUBBER,2664.728
2004,608,4,1,4,4,OTHERS,40839.61
2004,608,4,1,4,4,LIVESTOCK,110093.038
2004,608,4,1,4,4,CARABAO,5175.1196
2004,608,4,1,4,4,CATTLE,12151.3706
2004,608,4,1,4,4,HOG,89093.928
2004,608,4,1,4,4,GOAT,3513.5628
2004,608,4,1,4,4,DAIRY,159.057
2004,608,4,1,4,4,POULTRY,90951.7062
2004,608,4,1,4,4,CHICKEN,69399.0486
2004,608,4,1,4,4,DUCK,2867.48
2004,608,4,1,4,4,CHICKEN EGGS,16211.0628
2004,608,4,1,4,4,DUCK EGGS,2474.1148
2004,608,4,1,4,4,FISHERIES,116759.1043
2004,608,4,1,4,4,MILKFISH,15446.1609
2004,608,4,1,4,4,TILAPIA,7449.7425
2004,608,4,1,4,4,TIGER PRAWN,10508.1232
2004,608,4,1,4,4,ROUNDSCAD,12746.5624
2004,608,4,1,4,4,SKIPJACK,5561.6232
2004,608,4,1,4,4,YELLOWFIN TUNA,6374.2384
2004,608,4,1,4,4,SEAWEED,4029.4896
2004,608,4,1,4,4,OTHERS,54643.1641
2004,608,4,1,4,4,COMMERCIAL,
2004,608,4,1,4,4,MUNICIPAL,
2004,608,4,1,4,4,AQUACULTURE,
2004,608,4,1,4,4,TOTAL,646492.6969
2005,608,4,1,4,4,CROPS,331388.8341
2005,608,4,1,4,4,PALAY,122081.1636
2005,608,4,1,4,4,CORN,34513.1955
2005,608,4,1,4,4,COCONUT,30538.6348
2005,608,4,1,4,4,SUGARCANE,18104.9593
2005,608,4,1,4,4,BANANA,26704.4952
2005,608,4,1,4,4,PINEAPPLE,12106.1817
2005,608,4,1,4,4,COFFEE,3835.6416
2005,608,4,1,4,4,MANGO,17944.5182
2005,608,4,1,4,4,TOBACCO,1913.646
2005,608,4,1,4,4,ABACA,1369.185
2005,608,4,1,4,4,PEANUT,503.4953
2005,608,4,1,4,4,MONGO,626.7766
2005,608,4,1,4,4,CASSAVA,5988.8892
2005,608,4,1,4,4,CAMOTE,2683.5221
2005,608,4,1,4,4,TOMATO,1290.9625
2005,608,4,1,4,4,GARLIC,971.2864
2005,608,4,1,4,4,ONION,1306.5786
2005,608,4,1,4,4,CABBAGE,807.4152
2005,608,4,1,4,4,EGGPLANT,2279.892
2005,608,4,1,4,4,CALAMANSI,1945.8489
2005,608,4,1,4,4,RUBBER,2701.8784
2005,608,4,1,4,4,OTHERS,41170.668
2005,608,4,1,4,4,LIVESTOCK,112828.8683
2005,608,4,1,4,4,CARABAO,5005.6648
2005,608,4,1,4,4,CATTLE,11713.2225
2005,608,4,1,4,4,HOG,92319.1136
2005,608,4,1,4,4,GOAT,3621.8094
2005,608,4,1,4,4,DAIRY,169.058
2005,608,4,1,4,4,POULTRY,90987.7976
2005,608,4,1,4,4,CHICKEN,68490.8478
2005,608,4,1,4,4,DUCK,2661.043
2005,608,4,1,4,4,CHICKEN EGGS,17508.6912
2005,608,4,1,4,4,DUCK EGGS,2327.2156
2005,608,4,1,4,4,FISHERIES,121003.5919
2005,608,4,1,4,4,MILKFISH,16285.636
2005,608,4,1,4,4,TILAPIA,8242.7016
2005,608,4,1,4,4,TIGER PRAWN,11050.2722
2005,608,4,1,4,4,ROUNDSCAD,12216.7378
2005,608,4,1,4,4,SKIPJACK,5557.881
2005,608,4,1,4,4,YELLOWFIN TUNA,5607.9954
2005,608,4,1,4,4,SEAWEED,4484.3435
2005,608,4,1,4,4,OTHERS,57558.0244
2005,608,4,1,4,4,COMMERCIAL,
2005,608,4,1,4,4,MUNICIPAL,
2005,608,4,1,4,4,AQUACULTURE,
2005,608,4,1,4,4,TOTAL,656209.0919
2006,608,4,1,4,4,CROPS,345457.7646
2006,608,4,1,4,4,PALAY,128131.2956
2006,608,4,1,4,4,CORN,39959.4627
2006,608,4,1,4,4,COCONUT,30813.2946
2006,608,4,1,4,4,SUGARCANE,19232.6369
2006,608,4,1,4,4,BANANA,28808.9344
2006,608,4,1,4,4,PINEAPPLE,12415.5707
2006,608,4,1,4,4,COFFEE,3772.2216
2006,608,4,1,4,4,MANGO,16753.9169
2006,608,4,1,4,4,TOBACCO,1628.382
2006,608,4,1,4,4,ABACA,1291.485
2006,608,4,1,4,4,PEANUT,516.2465
2006,608,4,1,4,4,MONGO,610.3196
2006,608,4,1,4,4,CASSAVA,6271.9902
2006,608,4,1,4,4,CAMOTE,2646.8626
2006,608,4,1,4,4,TOMATO,1304.6337
2006,608,4,1,4,4,GARLIC,922.1352
2006,608,4,1,4,4,ONION,1210.2021
2006,608,4,1,4,4,CABBAGE,805.6492
2006,608,4,1,4,4,EGGPLANT,2329.7874
2006,608,4,1,4,4,CALAMANSI,1904.9571
2006,608,4,1,4,4,RUBBER,3009.3536
2006,608,4,1,4,4,OTHERS,41118.427
2006,608,4,1,4,4,LIVESTOCK,115580.6528
2006,608,4,1,4,4,CARABAO,4889.0709
2006,608,4,1,4,4,CATTLE,11310.6769
2006,608,4,1,4,4,HOG,95699.6168
2006,608,4,1,4,4,GOAT,3506.0652
2006,608,4,1,4,4,DAIRY,175.223
2006,608,4,1,4,4,POULTRY,90663.047
2006,608,4,1,4,4,CHICKEN,67943.223
2006,608,4,1,4,4,DUCK,2478.861
2006,608,4,1,4,4,CHICKEN EGGS,18053.6514
2006,608,4,1,4,4,DUCK EGGS,2187.3116
2006,608,4,1,4,4,FISHERIES,126381.1217
2006,608,4,1,4,4,MILKFISH,17908.692
2006,608,4,1,4,4,TILAPIA,10193.4448
2006,608,4,1,4,4,TIGER PRAWN,11193.5923
2006,608,4,1,4,4,ROUNDSCAD,11315.2106
2006,608,4,1,4,4,SKIPJACK,6384.2205
2006,608,4,1,4,4,YELLOWFIN TUNA,5576.5202
2006,608,4,1,4,4,SEAWEED,4920.8485
2006,608,4,1,4,4,OTHERS,58888.5928
2006,608,4,1,4,4,COMMERCIAL,
2006,608,4,1,4,4,MUNICIPAL,
2006,608,4,1,4,4,AQUACULTURE,
2006,608,4,1,4,4,TOTAL,678082.5861
2007,608,4,1,4,4,CROPS,366459.3602
2007,608,4,1,4,4,PALAY,136417.68
2007,608,4,1,4,4,CORN,44598.609
2007,608,4,1,4,4,COCONUT,30448.51265
2007,608,4,1,4,4,SUGARCANE,17343.5262
2007,608,4,1,4,4,BANANA,31732.4992
2007,608,4,1,4,4,PINEAPPLE,13631.2696
2007,608,4,1,4,4,COFFEE,3556.9592
2007,608,4,1,4,4,MANGO,18645.219
2007,608,4,1,4,4,TOBACCO,1459.7253
2007,608,4,1,4,4,ABACA,1236.4484
2007,608,4,1,4,4,PEANUT,552.24
2007,608,4,1,4,4,MONGO,670.0635
2007,608,4,1,4,4,CASSAVA,6698.6454
2007,608,4,1,4,4,CAMOTE,2673.6284
2007,608,4,1,4,4,TOMATO,1408.075
2007,608,4,1,4,4,GARLIC,825.7506
2007,608,4,1,4,4,ONION,2198.805
2007,608,4,1,4,4,CABBAGE,1141.9125
2007,608,4,1,4,4,EGGPLANT,2551.3424
2007,608,4,1,4,4,CALAMANSI,1951.6816
2007,608,4,1,4,4,RUBBER,3458.8392
2007,608,4,1,4,4,OTHERS,43257.928
2007,608,4,1,4,4,LIVESTOCK,118425.0667
2007,608,4,1,4,4,CARABAO,5123.6736
2007,608,4,1,4,4,CATTLE,11258.4311
2007,608,4,1,4,4,HOG,98261.121
2007,608,4,1,4,4,GOAT,3597.85
2007,608,4,1,4,4,DAIRY,183.991
2007,608,4,1,4,4,POULTRY,91072.6924
2007,608,4,1,4,4,CHICKEN,68383.8328
2007,608,4,1,4,4,DUCK,2288.594
2007,608,4,1,4,4,CHICKEN EGGS,18347.2725
2007,608,4,1,4,4,DUCK EGGS,2052.9931
2007,608,4,1,4,4,FISHERIES,137913.6175
2007,608,4,1,4,4,MILKFISH,19782.962
2007,608,4,1,4,4,TILAPIA,11755.0512
2007,608,4,1,4,4,TIGER PRAWN,11679.1257
2007,608,4,1,4,4,ROUNDSCAD,13932.7722
2007,608,4,1,4,4,SKIPJACK,7221.0495
2007,608,4,1,4,4,YELLOWFIN TUNA,6614.2182
2007,608,4,1,4,4,SEAWEED,5041.9845
2007,608,4,1,4,4,OTHERS,61886.4542
2007,608,4,1,4,4,COMMERCIAL,
2007,608,4,1,4,4,MUNICIPAL,
2007,608,4,1,4,4,AQUACULTURE,
2007,608,4,1,4,4,TOTAL,713870.7368
2008,608,4,1,4,4,CROPS,379318.173
2008,608,4,1,4,4,PALAY,140241.687
2008,608,4,1,4,4,CORN,45449.1232
2008,608,4,1,4,4,COCONUT,31558.2318
2008,608,4,1,4,4,SUGARCANE,20749.0764
2008,608,4,1,4,4,BANANA,36835.5088
2008,608,4,1,4,4,PINEAPPLE,14979.3252
2008,608,4,1,4,4,COFFEE,3539.6319
2008,608,4,1,4,4,MANGO,16097.8221
2008,608,4,1,4,4,TOBACCO,1366.8906
2008,608,4,1,4,4,ABACA,1272.7379
2008,608,4,1,4,4,PEANUT,535.7275
2008,608,4,1,4,4,MONGO,683.6296
2008,608,4,1,4,4,CASSAVA,6950.8564
2008,608,4,1,4,4,CAMOTE,2674.3222
2008,608,4,1,4,4,TOMATO,1464.6588
2008,608,4,1,4,4,GARLIC,829.912
2008,608,4,1,4,4,ONION,1932.6607
2008,608,4,1,4,4,CABBAGE,1194.5322
2008,608,4,1,4,4,EGGPLANT,2406.9348
2008,608,4,1,4,4,CALAMANSI,1934.8023
2008,608,4,1,4,4,RUBBER,3510.2816
2008,608,4,1,4,4,OTHERS,43109.82
2008,608,4,1,4,4,LIVESTOCK,117171.0738
2008,608,4,1,4,4,CARABAO,5250.3038
2008,608,4,1,4,4,CATTLE,11362.4916
2008,608,4,1,4,4,HOG,96702.6114
2008,608,4,1,4,4,GOAT,3666.47
2008,608,4,1,4,4,DAIRY,189.197
2008,608,4,1,4,4,POULTRY,95497.0736
2008,608,4,1,4,4,CHICKEN,72319.394
2008,608,4,1,4,4,DUCK,2114.2032
2008,608,4,1,4,4,CHICKEN EGGS,19209.2604
2008,608,4,1,4,4,DUCK EGGS,1854.216
2008,608,4,1,4,4,FISHERIES,143650.5434
2008,608,4,1,4,4,MILKFISH,19904.437
2008,608,4,1,4,4,TILAPIA,12687.9592
2008,608,4,1,4,4,TIGER PRAWN,13204.6632
2008,608,4,1,4,4,ROUNDSCAD,12753.4768
2008,608,4,1,4,4,SKIPJACK,8634.3578
2008,608,4,1,4,4,YELLOWFIN TUNA,8284.5798
2008,608,4,1,4,4,SEAWEED,5549.6448
2008,608,4,1,4,4,OTHERS,62631.4248
2008,608,4,1,4,4,COMMERCIAL,
2008,608,4,1,4,4,MUNICIPAL,
2008,608,4,1,4,4,AQUACULTURE,
2008,608,4,1,4,4,TOTAL,735636.8638
2009,608,4,1,4,4,CROPS,373552.3125
2009,608,4,1,4,4,PALAY,136312.5996
2009,608,4,1,4,4,CORN,46705.9592
2009,608,4,1,4,4,COCONUT,31961.8224
2009,608,4,1,4,4,SUGARCANE,18116.9278
2009,608,4,1,4,4,BANANA,38215.9256
2009,608,4,1,4,4,PINEAPPLE,14927.815
2009,608,4,1,4,4,COFFEE,3484.3772
2009,608,4,1,4,4,MANGO,14048.1045
2009,608,4,1,4,4,TOBACCO,1506.132
2009,608,4,1,4,4,ABACA,1226.4129
2009,608,4,1,4,4,PEANUT,548.346
2009,608,4,1,4,4,MONGO,629.067
2009,608,4,1,4,4,CASSAVA,7316.5176
2009,608,4,1,4,4,CAMOTE,2612.0232
2009,608,4,1,4,4,TOMATO,1484.0924
2009,608,4,1,4,4,GARLIC,763.3725
2009,608,4,1,4,4,ONION,1904.6294
2009,608,4,1,4,4,CABBAGE,1137.4464
2009,608,4,1,4,4,EGGPLANT,2423.457
2009,608,4,1,4,4,CALAMANSI,1866.1649
2009,608,4,1,4,4,RUBBER,3342.7935
2009,608,4,1,4,4,OTHERS,43018.3264
2009,608,4,1,4,4,LIVESTOCK,118548.2427
2009,608,4,1,4,4,CARABAO,5274.2613
2009,608,4,1,4,4,CATTLE,11652.5294
2009,608,4,1,4,4,HOG,97790.6406
2009,608,4,1,4,4,GOAT,3635.3124
2009,608,4,1,4,4,DAIRY,195.499
2009,608,4,1,4,4,POULTRY,97265.6599
2009,608,4,1,4,4,CHICKEN,73422.796
2009,608,4,1,4,4,DUCK,1938.2442
2009,608,4,1,4,4,CHICKEN EGGS,20173.185
2009,608,4,1,4,4,DUCK EGGS,1731.4347
2009,608,4,1,4,4,FISHERIES,145340.9846
2009,608,4,1,4,4,MILKFISH,20037.4888
2009,608,4,1,4,4,TILAPIA,12881.3616
2009,608,4,1,4,4,TIGER PRAWN,13959.5472
2009,608,4,1,4,4,ROUNDSCAD,10565.0976
2009,608,4,1,4,4,SKIPJACK,9782.0017
2009,608,4,1,4,4,YELLOWFIN TUNA,7498.0317
2009,608,4,1,4,4,SEAWEED,5794.1667
2009,608,4,1,4,4,OTHERS,64823.2893
2009,608,4,1,4,4,COMMERCIAL,
2009,608,4,1,4,4,MUNICIPAL,
2009,608,4,1,4,4,AQUACULTURE,
2009,608,4,1,4,4,TOTAL,734707.1997
2010,608,4,1,4,4,CROPS,363718.2149
2010,608,4,1,4,4,PALAY,132172.0416
2010,608,4,1,4,4,CORN,42214.416
2010,608,4,1,4,4,COCONUT,31796.0945
2010,608,4,1,4,4,SUGARCANE,14164.1233
2010,608,4,1,4,4,BANANA,38589.6816
2010,608,4,1,4,4,PINEAPPLE,14664.0624
2010,608,4,1,4,4,COFFEE,3447.8738
2010,608,4,1,4,4,MANGO,15018.9373
2010,608,4,1,4,4,TOBACCO,1692.9256
2010,608,4,1,4,4,ABACA,1241.7417
2010,608,4,1,4,4,PEANUT,524.097
2010,608,4,1,4,4,MONGO,614.8032
2010,608,4,1,4,4,CASSAVA,7523.191
2010,608,4,1,4,4,CAMOTE,2522.2716
2010,608,4,1,4,4,TOMATO,1525.9716
2010,608,4,1,4,4,GARLIC,699.2184
2010,608,4,1,4,4,ONION,2033.4076
2010,608,4,1,4,4,CABBAGE,1176.1152
2010,608,4,1,4,4,EGGPLANT,2503.0448
2010,608,4,1,4,4,CALAMANSI,1825.0146
2010,608,4,1,4,4,RUBBER,3379.302
2010,608,4,1,4,4,OTHERS,44389.8801
2010,608,4,1,4,4,LIVESTOCK,120267.9119
2010,608,4,1,4,4,CARABAO,5540.3886
2010,608,4,1,4,4,CATTLE,11960.6425
2010,608,4,1,4,4,HOG,98856.1728
2010,608,4,1,4,4,GOAT,3693.426
2010,608,4,1,4,4,DAIRY,217.282
2010,608,4,1,4,4,POULTRY,100964.5185
2010,608,4,1,4,4,CHICKEN,76357.1259
2010,608,4,1,4,4,DUCK,1778.6114
2010,608,4,1,4,4,CHICKEN EGGS,21226.232
2010,608,4,1,4,4,DUCK EGGS,1602.5492
2010,608,4,1,4,4,FISHERIES,146538.2659
2010,608,4,1,4,4,MILKFISH,20114.542
2010,608,4,1,4,4,TILAPIA,12829.5552
2010,608,4,1,4,4,TIGER PRAWN,14043.2149
2010,608,4,1,4,4,ROUNDSCAD,11641.182
2010,608,4,1,4,4,SKIPJACK,8994.4614
2010,608,4,1,4,4,YELLOWFIN TUNA,7269.7408
2010,608,4,1,4,4,SEAWEED,6016.2752
2010,608,4,1,4,4,OTHERS,65629.2944
2010,608,4,1,4,4,COMMERCIAL,
2010,608,4,1,4,4,MUNICIPAL,
2010,608,4,1,4,4,AQUACULTURE,
2010,608,4,1,4,4,TOTAL,731488.9112
2011,608,4,1,4,4,CROPS,380905.9156
2011,608,4,1,4,4,PALAY,139478.8252
2011,608,4,1,4,4,CORN,46149.5426
2011,608,4,1,4,4,COCONUT,31403.8966
2011,608,4,1,4,4,SUGARCANE,22133.6778
2011,608,4,1,4,4,BANANA,38859.812
2011,608,4,1,4,4,PINEAPPLE,15210.9037
2011,608,4,1,4,4,COFFEE,3227.8038
2011,608,4,1,4,4,MANGO,14335.1752
2011,608,4,1,4,4,TOBACCO,1909.476
2011,608,4,1,4,4,ABACA,1281.6348
2011,608,4,1,4,4,PEANUT,526.6954
2011,608,4,1,4,4,MONGO,747.5328
2011,608,4,1,4,4,CASSAVA,7888.5576
2011,608,4,1,4,4,CAMOTE,2406.1444
2011,608,4,1,4,4,TOMATO,1522.7784
2011,608,4,1,4,4,GARLIC,662.5578
2011,608,4,1,4,4,ONION,1913.16
2011,608,4,1,4,4,CABBAGE,1140.321
2011,608,4,1,4,4,EGGPLANT,2510.4393
2011,608,4,1,4,4,CALAMANSI,1774.4832
2011,608,4,1,4,4,RUBBER,3639.735
2011,608,4,1,4,4,OTHERS,42182.763
2011,608,4,1,4,4,LIVESTOCK,122679.3891
2011,608,4,1,4,4,CARABAO,5524.624
2011,608,4,1,4,4,CATTLE,12174.9126
2011,608,4,1,4,4,HOG,101072.8315
2011,608,4,1,4,4,GOAT,3681.656
2011,608,4,1,4,4,DAIRY,225.365
2011,608,4,1,4,4,POULTRY,105379.1998
2011,608,4,1,4,4,CHICKEN,79823.092
2011,608,4,1,4,4,DUCK,1789.3136
2011,608,4,1,4,4,CHICKEN EGGS,22120.6152
2011,608,4,1,4,4,DUCK EGGS,1646.179
2011,608,4,1,4,4,FISHERIES,138388.7357
2011,608,4,1,4,4,MILKFISH,21268.026
2011,608,4,1,4,4,TILAPIA,12793.774
2011,608,4,1,4,4,TIGER PRAWN,13882.296
2011,608,4,1,4,4,ROUNDSCAD,10375.7767
2011,608,4,1,4,4,SKIPJACK,7680.0558
2011,608,4,1,4,4,YELLOWFIN TUNA,6025.5196
2011,608,4,1,4,4,SEAWEED,6148.3722
2011,608,4,1,4,4,OTHERS,60214.9154
2011,608,4,1,4,4,COMMERCIAL,
2011,608,4,1,4,4,MUNICIPAL,
2011,608,4,1,4,4,AQUACULTURE,
2011,608,4,1,4,4,TOTAL,747353.2402
2012,608,4,1,4,4,CROPS,396341.5061
2012,608,4,1,4,4,PALAY,150571.6255
2012,608,4,1,4,4,CORN,49182.9448
2012,608,4,1,4,4,COCONUT,32520.7695
2012,608,4,1,4,4,SUGARCANE,20588.8098
2012,608,4,1,4,4,BANANA,39121.5048
2012,608,4,1,4,4,PINEAPPLE,16256.745
2012,608,4,1,4,4,COFFEE,3240.9736
2012,608,4,1,4,4,MANGO,13954.3256
2012,608,4,1,4,4,TOBACCO,2026.0912
2012,608,4,1,4,4,ABACA,1270.1754
2012,608,4,1,4,4,PEANUT,516.0694
2012,608,4,1,4,4,MONGO,734.799
2012,608,4,1,4,4,CASSAVA,7958.9486
2012,608,4,1,4,4,CAMOTE,2408.754
2012,608,4,1,4,4,TOMATO,1518.856
2012,608,4,1,4,4,GARLIC,639.672
2012,608,4,1,4,4,ONION,1791.066
2012,608,4,1,4,4,CABBAGE,1143.6485
2012,608,4,1,4,4,EGGPLANT,2551.1556
2012,608,4,1,4,4,CALAMANSI,1726.6752
2012,608,4,1,4,4,RUBBER,3783.1346
2012,608,4,1,4,4,OTHERS,42834.762
2012,608,4,1,4,4,LIVESTOCK,124040.5776
2012,608,4,1,4,4,CARABAO,5347.7896
2012,608,4,1,4,4,CATTLE,12069.1296
2012,608,4,1,4,4,HOG,102805.8658
2012,608,4,1,4,4,GOAT,3564.3426
2012,608,4,1,4,4,DAIRY,253.45
2012,608,4,1,4,4,POULTRY,110136.4912
2012,608,4,1,4,4,CHICKEN,83499.0292
2012,608,4,1,4,4,DUCK,1826.546
2012,608,4,1,4,4,CHICKEN EGGS,23074.636
2012,608,4,1,4,4,DUCK EGGS,1736.28
2012,608,4,1,4,4,FISHERIES,138317.654
2012,608,4,1,4,4,MILKFISH,22015.6632
2012,608,4,1,4,4,TILAPIA,13039.4498
2012,608,4,1,4,4,TIGER PRAWN,14095.9278
2012,608,4,1,4,4,ROUNDSCAD,10135.3668
2012,608,4,1,4,4,SKIPJACK,8061.8725
2012,608,4,1,4,4,YELLOWFIN TUNA,6184.0862
2012,608,4,1,4,4,SEAWEED,5831.0298
2012,608,4,1,4,4,OTHERS,58954.2579
2012,608,4,1,4,4,COMMERCIAL,
2012,608,4,1,4,4,MUNICIPAL,
2012,608,4,1,4,4,AQUACULTURE,
2012,608,4,1,4,4,TOTAL,768836.2289
2013,608,4,1,4,4,CROPS,396200.047
2013,608,4,1,4,4,PALAY,153969.157
2013,608,4,1,4,4,CORN,49058.9785
2013,608,4,1,4,4,COCONUT,31476.397
2013,608,4,1,4,4,SUGARCANE,19176.183
2013,608,4,1,4,4,BANANA,36574.3143
2013,608,4,1,4,4,PINEAPPLE,16644.2481
2013,608,4,1,4,4,COFFEE,2832.6128
2013,608,4,1,4,4,MANGO,14760.1504
2013,608,4,1,4,4,TOBACCO,2347.2625
2013,608,4,1,4,4,ABACA,1204.8225
2013,608,4,1,4,4,PEANUT,515.361
2013,608,4,1,4,4,MONGO,735.1881
2013,608,4,1,4,4,CASSAVA,8430.7692
2013,608,4,1,4,4,CAMOTE,2451.08
2013,608,4,1,4,4,TOMATO,1553.3716
2013,608,4,1,4,4,GARLIC,654.9397125
2013,608,4,1,4,4,ONION,1828.3488
2013,608,4,1,4,4,CABBAGE,1149.6892
2013,608,4,1,4,4,EGGPLANT,2663.2312
2013,608,4,1,4,4,CALAMANSI,1571.9822
2013,608,4,1,4,4,RUBBER,3794.2293
2013,608,4,1,4,4,OTHERS,42807.7306
2013,608,4,1,4,4,LIVESTOCK,126216.2989
2013,608,4,1,4,4,CARABAO,5301.2556
2013,608,4,1,4,4,CATTLE,12282.0192
2013,608,4,1,4,4,HOG,104813.9353
2013,608,4,1,4,4,GOAT,3551.5278
2013,608,4,1,4,4,DAIRY,267.561
2013,608,4,1,4,4,POULTRY,114832.9809
2013,608,4,1,4,4,CHICKEN,87768.7152
2013,608,4,1,4,4,DUCK,1858.5775
2013,608,4,1,4,4,CHICKEN EGGS,23411.7506
2013,608,4,1,4,4,DUCK EGGS,1793.9376
2013,608,4,1,4,4,FISHERIES,139928.3223
2013,608,4,1,4,4,MILKFISH,22809.4559
2013,608,4,1,4,4,TILAPIA,13418.5825
2013,608,4,1,4,4,TIGER PRAWN,14442.654
2013,608,4,1,4,4,ROUNDSCAD,11769.4026
2013,608,4,1,4,4,SKIPJACK,8325.3906
2013,608,4,1,4,4,YELLOWFIN TUNA,6379.953
2013,608,4,1,4,4,SEAWEED,5189.4054
2013,608,4,1,4,4,OTHERS,57593.4783
2013,608,4,1,4,4,COMMERCIAL,
2013,608,4,1,4,4,MUNICIPAL,
2013,608,4,1,4,4,AQUACULTURE,
2013,608,4,1,4,4,TOTAL,777177.6491
2014,608,4,1,4,4,CROPS,406065.4115
2014,608,4,1,4,4,PALAY,158385.8151
2014,608,4,1,4,4,CORN,51588.9094
2014,608,4,1,4,4,COCONUT,30087.3004
2014,608,4,1,4,4,SUGARCANE,19438.5274
2014,608,4,1,4,4,BANANA,37628.3462
2014,608,4,1,4,4,PINEAPPLE,16994.6106
2014,608,4,1,4,4,COFFEE,2749.5634
2014,608,4,1,4,4,MANGO,16068.4337
2014,608,4,1,4,4,TOBACCO,2588.018
2014,608,4,1,4,4,ABACA,1261.6898
2014,608,4,1,4,4,PEANUT,517.2113
2014,608,4,1,4,4,MONGO,729.5005
2014,608,4,1,4,4,CASSAVA,9081.7748
2014,608,4,1,4,4,CAMOTE,2420.5154
2014,608,4,1,4,4,TOMATO,1600.9629
2014,608,4,1,4,4,GARLIC,653.519536
2014,608,4,1,4,4,ONION,2921.3328
2014,608,4,1,4,4,CABBAGE,1158.8644
2014,608,4,1,4,4,EGGPLANT,2716.8263
2014,608,4,1,4,4,CALAMANSI,1554.5577
2014,608,4,1,4,4,RUBBER,3870.288
2014,608,4,1,4,4,OTHERS,42048.8439
2014,608,4,1,4,4,LIVESTOCK,127487.3947
2014,608,4,1,4,4,CARABAO,5357.4968
2014,608,4,1,4,4,CATTLE,12417.786
2014,608,4,1,4,4,HOG,105856.1406
2014,608,4,1,4,4,GOAT,3585.6703
2014,608,4,1,4,4,DAIRY,270.301
2014,608,4,1,4,4,POULTRY,115174.2833
2014,608,4,1,4,4,CHICKEN,88716.58095
2014,608,4,1,4,4,DUCK,1868.2455
2014,608,4,1,4,4,CHICKEN EGGS,22776.4863
2014,608,4,1,4,4,DUCK EGGS,1812.9705
2014,608,4,1,4,4,FISHERIES,139411.9791
2014,608,4,1,4,4,MILKFISH,22614.6591
2014,608,4,1,4,4,TILAPIA,13269.4683
2014,608,4,1,4,4,TIGER PRAWN,13999.9505
2014,608,4,1,4,4,ROUNDSCAD,11313.3588
2014,608,4,1,4,4,SKIPJACK,9131.2786
2014,608,4,1,4,4,YELLOWFIN TUNA,6907.8033
2014,608,4,1,4,4,SEAWEED,5165.8961
2014,608,4,1,4,4,OTHERS,57009.5644
2014,608,4,1,4,4,COMMERCIAL,
2014,608,4,1,4,4,MUNICIPAL,
2014,608,4,1,4,4,AQUACULTURE,
2014,608,4,1,4,4,TOTAL,788139.0686
2015,608,4,1,4,4,CROPS,397933.7973
2015,608,4,1,4,4,PALAY,151481.9829
2015,608,4,1,4,4,CORN,50002.1288
2015,608,4,1,4,4,COCONUT,30163.9954
2015,608,4,1,4,4,SUGARCANE,17876.7001
2015,608,4,1,4,4,BANANA,38450.6224
2015,608,4,1,4,4,PINEAPPLE,17486.5461
2015,608,4,1,4,4,COFFEE,2606.0458
2015,608,4,1,4,4,MANGO,16321.3708
2015,608,4,1,4,4,TOBACCO,2453.6301
2015,608,4,1,4,4,ABACA,1305.4283
2015,608,4,1,4,4,PEANUT,517.0719
2015,608,4,1,4,4,MONGO,762.3946
2015,608,4,1,4,4,CASSAVA,9691.3978
2015,608,4,1,4,4,CAMOTE,2488.3058
2015,608,4,1,4,4,TOMATO,1605.4747
2015,608,4,1,4,4,GARLIC,759.1106824
2015,608,4,1,4,4,ONION,2468.1579
2015,608,4,1,4,4,CABBAGE,1134.912
2015,608,4,1,4,4,EGGPLANT,2819.7412
2015,608,4,1,4,4,CALAMANSI,1558.9559
2015,608,4,1,4,4,RUBBER,3396.0148
2015,608,4,1,4,4,OTHERS,42583.8093
2015,608,4,1,4,4,LIVESTOCK,132381.5708
2015,608,4,1,4,4,CARABAO,5323.167
2015,608,4,1,4,4,CATTLE,12681.855
2015,608,4,1,4,4,HOG,110448.8579
2015,608,4,1,4,4,GOAT,3648.3479
2015,608,4,1,4,4,DAIRY,279.343
2015,608,4,1,4,4,POULTRY,121752.2653
2015,608,4,1,4,4,CHICKEN,93734.7643
2015,608,4,1,4,4,DUCK,1831.5806
2015,608,4,1,4,4,CHICKEN EGGS,24333.3034
2015,608,4,1,4,4,DUCK EGGS,1852.617
2015,608,4,1,4,4,FISHERIES,137370.2677
2015,608,4,1,4,4,MILKFISH,22075.8067
2015,608,4,1,4,4,TILAPIA,13161.6074
2015,608,4,1,4,4,TIGER PRAWN,14457.1594
2015,608,4,1,4,4,ROUNDSCAD,9783.8284
2015,608,4,1,4,4,SKIPJACK,9162.8309
2015,608,4,1,4,4,YELLOWFIN TUNA,7028.9181
2015,608,4,1,4,4,SEAWEED,5218.4218
2015,608,4,1,4,4,OTHERS,56481.695
2015,608,4,1,4,4,COMMERCIAL,
2015,608,4,1,4,4,MUNICIPAL,
2015,608,4,1,4,4,AQUACULTURE,
2015,608,4,1,4,4,TOTAL,789437.9011
2016,608,4,1,4,4,CROPS,384420.1218
2016,608,4,1,4,4,PALAY,147203.9748
2016,608,4,1,4,4,CORN,47436.2482
2016,608,4,1,4,4,COCONUT,28279.0889
2016,608,4,1,4,4,SUGARCANE,17505.1047
2016,608,4,1,4,4,BANANA,37688.4952
2016,608,4,1,4,4,PINEAPPLE,17676.2695
2016,608,4,1,4,4,COFFEE,2483.6753
2016,608,4,1,4,4,MANGO,14662.6431
2016,608,4,1,4,4,TOBACCO,2528.5112
2016,608,4,1,4,4,ABACA,1328.6255
2016,608,4,1,4,4,PEANUT,494.6981
2016,608,4,1,4,4,MONGO,771.0984
2016,608,4,1,4,4,CASSAVA,9848.6712
2016,608,4,1,4,4,CAMOTE,2462.6856
2016,608,4,1,4,4,TOMATO,1577.5855
2016,608,4,1,4,4,GARLIC,541.1645
2016,608,4,1,4,4,ONION,1698.8098
2016,608,4,1,4,4,CABBAGE,1108.4125
2016,608,4,1,4,4,EGGPLANT,2847.0957
2016,608,4,1,4,4,CALAMANSI,1177.9055
2016,608,4,1,4,4,RUBBER,3084.3418
2016,608,4,1,4,4,OTHERS,42015.0168
2016,608,4,1,4,4,LIVESTOCK,138493.1026
2016,608,4,1,4,4,CARABAO,5422.8291
2016,608,4,1,4,4,CATTLE,12853.0122
2016,608,4,1,4,4,HOG,116281.337
2016,608,4,1,4,4,GOAT,3646.0323
2016,608,4,1,4,4,DAIRY,289.892
2016,608,4,1,4,4,POULTRY,123471.1065
2016,608,4,1,4,4,CHICKEN,94505.5161
2016,608,4,1,4,4,DUCK,1737.8502
2016,608,4,1,4,4,CHICKEN EGGS,25298.9922
2016,608,4,1,4,4,DUCK EGGS,1928.748
2016,608,4,1,4,4,FISHERIES,131634.2751
2016,608,4,1,4,4,MILKFISH,22619.7572
2016,608,4,1,4,4,TILAPIA,12697.1117
2016,608,4,1,4,4,TIGER PRAWN,14320.8521
2016,608,4,1,4,4,ROUNDSCAD,9289.9639
2016,608,4,1,4,4,SKIPJACK,8293.259
2016,608,4,1,4,4,YELLOWFIN TUNA,5160.2141
2016,608,4,1,4,4,SEAWEED,4688.9151
2016,608,4,1,4,4,OTHERS,54564.202
2016,608,4,1,4,4,COMMERCIAL,
2016,608,4,1,4,4,MUNICIPAL,
2016,608,4,1,4,4,AQUACULTURE,
2016,608,4,1,4,4,TOTAL,778018.606
